pair	version	wall_seconds	cpu_seconds
0	baseline	2.442638776000422	2.4423129999999986
0	current	2.400274797999373	2.3999180000000013
1	current	2.420285760999832	2.410441000000001
1	baseline	2.4659162200005085	2.4654719999999997
2	baseline	2.4428575090005324	2.4423649999999997
2	current	2.576940807000028	2.5744819999999993
3	current	2.4220101000000795	2.4201069999999993
3	baseline	2.499070689000291	2.4873569999999994
4	baseline	2.4673687260001316	2.467004
4	current	2.429590153999925	2.4292109999999996
5	current	3.5418509929995707	3.5409310000000023
5	baseline	2.965779637000196	2.964160000000002
6	baseline	2.4681216550006866	2.4673459999999974
6	current	2.4311203950001072	2.430745999999999
