pair	version	wall_seconds	cpu_seconds
0	baseline	2.4473832669996227	2.4469570000000003
0	current	2.4413142429998516	2.4409119999999986
1	current	2.490630037000301	2.4892459999999996
1	baseline	2.493186761999823	2.4927540000000024
2	baseline	2.4947311089999857	2.494219
2	current	2.437465309000345	2.436915999999999
3	current	2.506152748000204	2.505554
3	baseline	2.4721189869997033	2.468435000000001
4	baseline	2.4679448209999464	2.467468999999999
4	current	2.487519392000195	2.4870650000000025
5	current	2.4617927620001865	2.461344999999999
5	baseline	2.471369932000016	2.470956999999999
6	baseline	2.5193256769998698	2.5189169999999974
6	current	2.473936997999772	2.4733399999999994
