pair	version	wall_seconds	user_seconds	sys_seconds
0	baseline	2.27	2.14	0.12
0	current	1.09	1.00	0.08
1	current	1.14	1.05	0.09
1	baseline	2.17	2.03	0.13
2	baseline	2.18	2.07	0.10
2	current	1.03	0.96	0.07
3	current	1.02	0.93	0.08
3	baseline	2.15	2.07	0.07
4	baseline	2.21	2.09	0.10
4	current	1.00	0.92	0.07
5	current	1.03	0.93	0.10
5	baseline	2.25	2.13	0.12
6	baseline	2.25	2.11	0.14
6	current	1.07	0.98	0.08
7	current	0.96	0.89	0.07
7	baseline	2.14	2.01	0.13
8	baseline	2.14	2.00	0.13
8	current	1.00	0.91	0.08
