label	backend	test	compile_rc	run_rc	ref_match	output_sha256
v004	std	sit_extree	0	0	YES	41aef24a91c412ea0719df097ec6fe293747e988af5280049f2e520c2ac60b81
v004	std	alg_sup0	0	0	YES	eb4b7e90168412474f6e5d4eb1301ae6a3ce7b730e1dec2f642650b3d7d6d0a9
v004	std	sit_modgcd	0	0	YES	a58d0a4dfa96263ff7a6491e8f0dfbabe32d16a752ea4515e5d3fd26a618dbaa
v004	std	sit_dup	0	0	YES	2b049514362cb696b7aceb39e1c74ba13202f8cbd2e038248dd0f00374b1e787
v004	std	alg_sup1	0	139	NO	da02dc352e521bf09ef7ac4cafeeaf415fa2f7ee899afb32f3acdf32a445a1c8
v004	std	alg_sup	0	139	NO	34e735415085099f4eb52fe0ded74f916ce35aa61db422546f2fcc4762b15613
v004	std	sm_dmp0	0	0	YES	e39d0470a682e8b05192d5e7cccb8178ee6142bb867ec11c72cb1831e87628aa
v004	std	alg_mresbiv	0	0	YES	1218a5b5ba3fbde137ed817c32573fd57008f87fbf7dfb019f630970790fdef3
v004	std	alg_ezgcd	0	0	YES	e3b0c44298fc1c149afbf4c8996fb92427ae41e4649b934ca495991b7852b855
v004	std	alg_mhensel	0	0	YES	e3b0c44298fc1c149afbf4c8996fb92427ae41e4649b934ca495991b7852b855
v004	std	alg_bivarpk	0	0	YES	066e45c2fcded414731516a7087adff28b292daef45186167b38483bb1687101
v004	std	sm_expocat	0	0	YES	7fec30da9183fe2f34420bf465980bf902bb7a14807254e2e74c3c251170e88f
v004	std	sm_polring0	0	0	YES	6f938e72e8b92df8724ab4ee9b599d9c36eb9c02c8e391c72ad3d0c0b69cd53f
v004	std	alg_defgcd	0	0	NO	a8fed0444c85d62bb7c5c33e301a502c9af3d30929d10a282e4598fd14e62fc2
v004	std	sit_sqfree	0	139	NO	450c1de558097380bbf2256ab7ccf4c0f271b7c20084b1d98d4f5170a7feb14f
v004	std	alg_modgcdp	0	0	YES	13c31339c572af883dfd347a00984fd02f26f81a285a57d30670aad862b22c46
v004	std	sit_umonom	0	0	YES	c5c2c26ec5cd95eef1aea7053bf89dd0345548c9479e91288a92cf5e05736ea4
v004	std	sit_vector	0	0	YES	c9535aa39355cecb25be4e7e3d114b5ea592da0a4918ab658722442a3d7cab71
v004	std	sit_dnsemat	0	0	YES	0b3e44731b376d9af3f03dc79b40870dd0efd0bec682c03267ba188a2d4b719a
v004	std	sit_spf	0	0	YES	41edd1a6705e47206a04c20978b853a418500ab6b738af5b5bb54352bf7eb77b
v004	std	sit_zpf	0	0	YES	212981697cb32f0c29ad35339893dc1ae52e007842b680d969d792986ee3016c
v004	std	sit_qotient	0	0	YES	b1828f5c7c02022ce6001d2d23bafc7cb8b31a7f3a10c153dba1f433d4fc71af
v004	std	sit_zfactor	0	0	YES	92e7f955ce87582960a8c9e0845ee929746fbfb1bc47d875b9c80fdd21732264
v004	std	sit_chrem	0	0	YES	3f7646605fde5760083deb4d65221c596e9939b0c8ce8a6c8bc607785103014a
v004	gmp	sit_extree	0	0	YES	41aef24a91c412ea0719df097ec6fe293747e988af5280049f2e520c2ac60b81
v004	gmp	alg_sup0	0	0	NO	364f25fa2582e1ee5fa15b40e7fcd864071a1a4abd84fce3586d07d5f1c3e341
v004	gmp	sit_modgcd	0	0	YES	a58d0a4dfa96263ff7a6491e8f0dfbabe32d16a752ea4515e5d3fd26a618dbaa
v004	gmp	sit_dup	0	139	NO	ca6acd5608319cb2f487f2fa7987203d2eda129c5a7cfd13fdab622da7793ec0
v004	gmp	alg_sup1	0	0	NO	b8e0fc6d94dde00f398c2baadd6725e9a9e98fa1ae5f77863ca7e6f53fafa702
v004	gmp	alg_sup	0	139	NO	fdf9001e54e972bb638dfdf276bdd823fe8ed792239219fdb6bc9a1db5f3bce5
v004	gmp	sm_dmp0	0	0	YES	e39d0470a682e8b05192d5e7cccb8178ee6142bb867ec11c72cb1831e87628aa
v004	gmp	alg_mresbiv	0	0	YES	1218a5b5ba3fbde137ed817c32573fd57008f87fbf7dfb019f630970790fdef3
v004	gmp	alg_ezgcd	0	0	YES	e3b0c44298fc1c149afbf4c8996fb92427ae41e4649b934ca495991b7852b855
v004	gmp	alg_mhensel	0	0	YES	e3b0c44298fc1c149afbf4c8996fb92427ae41e4649b934ca495991b7852b855
v004	gmp	alg_bivarpk	0	137	NO	e3b0c44298fc1c149afbf4c8996fb92427ae41e4649b934ca495991b7852b855
v004	gmp	sm_expocat	0	0	YES	7fec30da9183fe2f34420bf465980bf902bb7a14807254e2e74c3c251170e88f
v004	gmp	sm_polring0	0	0	YES	6f938e72e8b92df8724ab4ee9b599d9c36eb9c02c8e391c72ad3d0c0b69cd53f
v004	gmp	alg_defgcd	0	124	NO	88934f3454d5a2c2d1fea7e6c6bff6d441e77e5a5274c2cf8856e1cd467e6cec
v004	gmp	sit_sqfree	0	124	NO	450c1de558097380bbf2256ab7ccf4c0f271b7c20084b1d98d4f5170a7feb14f
v004	gmp	alg_modgcdp	0	139	NO	90761aca1a6bb8fcffd05ede9b46ab434f2fe42a67a8c5667ec031c008003c8f
v004	gmp	sit_umonom	0	0	YES	c5c2c26ec5cd95eef1aea7053bf89dd0345548c9479e91288a92cf5e05736ea4
v004	gmp	sit_vector	0	0	YES	c9535aa39355cecb25be4e7e3d114b5ea592da0a4918ab658722442a3d7cab71
v004	gmp	sit_dnsemat	0	0	YES	0b3e44731b376d9af3f03dc79b40870dd0efd0bec682c03267ba188a2d4b719a
v004	gmp	sit_spf	0	0	NO	a4cf75cfecf37c66a5c735679b75154206aee87f8b2db7f5384400a972eeaa91
v004	gmp	sit_zpf	0	0	NO	ae7a20a2e1c19cf73c5dbe7d6aac07f79e6c92becf9ed03a159817372bbfda93
v004	gmp	sit_qotient	0	0	YES	b1828f5c7c02022ce6001d2d23bafc7cb8b31a7f3a10c153dba1f433d4fc71af
v004	gmp	sit_zfactor	0	139	NO	c8b1d88224b5fceda9a146efe3ec1d81a8bccd59853761e5dc817f704417b8ae
v004	gmp	sit_chrem	0	0	NO	6d2bac8bb137e824b998a99ed4fb6804a955df59d4486ca0c626873215bd1950
